{
	"partitions" : [
		{
			"name" : "Top",
			"pins" : [
				{
					"name" : "Segs[0]",
					"strict" : false
				},
				{
					"name" : "Segs[1]",
					"strict" : false
				},
				{
					"name" : "Segs[2]",
					"strict" : false
				},
				{
					"name" : "Segs[3]",
					"strict" : false
				},
				{
					"name" : "Segs[4]",
					"strict" : false
				},
				{
					"name" : "Segs[5]",
					"strict" : false
				},
				{
					"name" : "Segs[6]",
					"strict" : false
				},
				{
					"name" : "x[0]",
					"strict" : false
				},
				{
					"name" : "x[1]",
					"strict" : false
				},
				{
					"name" : "x[2]",
					"strict" : false
				},
				{
					"name" : "x[3]",
					"strict" : false
				}
			]
		}
	]
}